file	width	height	bytes	sha256
01-boot-dark-1100.png	1116	708	27805	8723a3a2b6fb9b5951ff12310c1eaafe9656d892bc25c3c441e7046f3938214e
01-boot-dark-1440.png	1456	908	32997	8ecabf8e418a5adc5c2216cb8f1453b5692d0ce4803bcc868e2fe828d74dd30f
01-light-theme.png	1456	908	88825	ac5c08c836a265939c589ab84e172fdbf8f84c3ceb2570610420d08354fb2025
01-motion-reduced.png	1456	908	89481	793edfab11c8af8b278c7624edec9063ebf5885e98ad9eb81528e750dfb949c0
01-settings-persisted-1100.png	1116	708	70848	d8ae61d6126f1feac51ffa5355991817e0dd38542f5d1451e1b7e4c70a820a62
02-agents-no-effect.png	1116	708	24237	c389e89345b638500f67b5227daa64c310c275cef6b2c5b93f81d347bd2ead04
02-browser-entry.png	1116	708	37310	163fe9f8196c5a839d1e59d770a0616c5ef1a15f926034368577edbc18c28f6b
02-needs-you-empty.png	1116	708	23908	4430cb6e7c5444a9abd1d435c40a3ff51b9992a8e62625f9efe7b704e0ab848a
02-session-delete-approval-pending.png	1456	908	104453	1e94b8c9c115dbdf90ac237a1b155f58f4e8ddc1138c6303f92fc429fa0c28be
02-session-renamed.png	1456	908	134395	ef3d4e1665184715da045255c7eb903643f606679e019e111eab52d2e21320c9
02-workspace-switch.png	1456	908	34252	e7d2027d17e6e3cc665a30b2f2e37f07bd537ee0a5f6cec370424781dae6f30d
03-run-failed-no-retry-button.png	1456	908	97273	ce0958bd4756e6973fdaf4afa51389666fb955debd3234c167e92440794a4b44
03-run-resend-recovered.png	1456	908	98195	36baedb84d9d4354d1be8b478252f33c0186476ad2b51fe945a02eae3851b9d5
03-stopped-turn.png	1116	708	83964	cfd59bf58176c1fefc2510df737338fafd7a494fd84b1110989a81754755aadc
03-text-attachment-discarded.png	1116	708	85782	1de1aae9d4c68db1cd908a15f10beb7c6cafef7ba44f750b60337d26f9f72f1d
03-transcript-actions.png	1456	908	123203	50ed3848d33d38486beb82f6957fbd27f7abd8e9569db9e34bbccd9ab92fa42a
04-inbox-cold-client.png	1456	908	46168	7d7c094851f9d419f060133e0d7b1aa4c15cd3353be7743a786851761c8b5b60
04-inbox-misses-question-after-reconnect.png	1456	908	36633	0635f8574db0a5a693e84f5cb0ff16865de592a8eee26c326062bbf8dd213859
04-permission-allowed.png	1456	908	92575	c3e55844fea46c2fb2e74ed9375f4dd5cf2d2abfe4fc1d9e90646a8439d765b7
04-permission-always-rule.png	1456	908	117078	f67953fe7e5debfbe991f2e2ffff2b369721769c73c26f528e597f36bb73d636
04-permission-denied.png	1456	908	108236	8128afd9eb6e9b71a0deb9d4d47d2abcc9b7f0c16ec3583f9b0b80a2cfd9bad1
04-permission-panel.png	1456	908	97811	20851d13e1afeb2751638836921caf6dce83b7b1beab3ba2d2509b72ee6004d5
04-question-answered.png	1456	908	63600	9e0150b6f7c4927c173dc8917920a990185be746b8c01f6ce0a20f1d957d95a4
04-question-inbox-cleared.png	1456	908	37840	d6e6910cdcbe71c9da8a6b534b09c5775529f0e83e7afaf2aa00cc06ce7ceddc
04-question-panel.png	1456	908	65970	ef5e90442705956a39e7888feaf7ad75072fd78fad6d65878d062cd2941f0476
05-card-action-result.png	1456	908	118064	41bd2f30ff9636facfc034d629f28a7bd9a15e88472760b97d86281a60aa81dd
05-card-approve-result.png	1456	908	118592	d0705c2a062618a2c918e5b761ff9876072c5696b91d3b92a828ad07e7fdca96
05-card-render.png	1456	908	113445	23d7c0c099a76e694df943592321bf0cd60dae924b1702369bdcbdde4278847a
06-mail-envelope.png	1456	908	135867	2a7c701d89ee0af7133226beef5a10ba384274b5d924e43cd4fd5fe30414ee01
07-task-delete-after.png	1456	908	169538	9acdcebe353eedc4ae93d36f88400906e69f57d87dd9c96de59261ed8a9ffb16
07-task-delete-before.png	1456	908	162266	ac2a70ba8c3f63d86ac297d257ad163c6d83126c5942e4ed7b773b2b1af8272d
07-task-input-no-focus.png	1456	908	81643	8e56db30fd00e8940ada0e9b76dad97877ae0a6059a0b3460e3bc680de7497c3
07-task-second-client.png	1456	908	90707	c87b57b0f0c54a2d23f7fa747dfecad64088e2ad23ae3cc005a2856b3ed0fd3b
08-editor-saved-reopened.png	1456	908	70259	a6d357dd6ec71d35e84ace4c5de9cc3e06317b6b71a53f96726ca1a7d592b314
08-file-switch-discards-edit.png	1456	908	27270	4c25f9d2cfcf4b4277b78f65f7ac6b33993bc700d5ec4125cdcf7a7248a1f60a
08-save-shortcut-toggles-sidebar.png	1456	908	28708	580d27c9ab9f55837572587acf95c650b3b5acbef678c246854b536ecb7db0a7
08-stale-save-refused.png	1456	908	76154	5c28fb0c2c0cf146dfe7502cb25e7bcb7ea3f1c64d8cc00dd5125a1d62930385
09-browser-agent-cdp.png	1456	908	116354	e547e058e1c92d9eb8cc8653f7c213f23855f91a42e7fb561b70b54062fa0470
09-browser-close-last.png	1456	908	63516	171b013a6958fe0fe3f33ba7170fb3f85751633973f86948225c218aeac395ce
09-browser-find.png	1456	908	106736	383c73bae52c1a060327cb8e27916ffdc68b8c61f9640b766047e7860a9e86f5
09-browser-scroll.png	1456	908	101532	8dcc0ef7c45d8ad89fd5f5e0248457277a3285cd39835a28b1a00d9d73b164cf
09-browser-zero-copy-on.png	1456	908	98627	79fe8294949ef616f6ea30aa45c78ab1ba1ac55272dcceb63bfc22360c8d3083
10-agent-settings-persisted.png	1456	908	88059	be46500fd2afab321dc30efd062a71bbe31bb8d390b3d474c9b2deac30b53455
10-appearance-persisted.png	1456	908	72585	a7e32f7c9d056cbbe1055baae2e324489ef1e7efadb4d1bf7e0b04cde68ea226
10-archived-session.png	1456	908	33544	0945b56461785bc1287be5a15ec2c6bf099084d2662eb652fdea1917f038e22d
10-linked-theme-reload.png	1456	908	98646	1e6a1f6bc3755e663cee1eeebef245787d989dfc7e3fa5276fb5a01f67c388c3
10-notification-settings-persisted.png	1456	908	51405	f1950169af572664c596eab542495e2be24d357a3214fde1578c2781c19e8319
10-server-persisted.png	1456	908	51408	8dd82dac026e5fec5af033bb186431a753cf8a856d1404778370bb4fffc8629e
10-server-unreachable.png	680	200	8910	65cf913db970607fe366344d5ec3b46d98e4c95b830b7913e409a9025146a568
10-shortcut-persisted.png	1456	908	72506	26e0d97ca043aea5cc196f83906545a2ff3d86ab172dfd52cf16674c11ba0357
10-shortcut-remapped.png	1456	908	82658	682341699d3bd9185cb8126c8e2face9b7a70654d5068fcc861684ca8f58d97d
10-surya-light-theme.png	1456	908	89782	f6f9d13bc2808d2a769be6e2f36e04f31cce3e6ef428f88d74da49feb4bcf072
10-theme-import.png	1456	908	77210	961a19a7136a34615eba2fdbb8165d81476d37049e7cc2c1126086bfa2523203
11-before-shutdown.png	1456	908	127184	48c47618a9f6a2b3123e53fd9472f8e620afbfa73f0eff0055b9a84d37a25035
